invoice_01_01-05_FP81533239_pages_01-04.pdf	pages=4	range=1-4	kind=invoice
invoice_02_01-07_FP81533273_pages_05-09.pdf	pages=5	range=5-9	kind=invoice
invoice_03_01-08_FP81533327_pages_10-13.pdf	pages=4	range=10-13	kind=invoice
invoice_04_01-14_FP81533483_pages_14-17.pdf	pages=4	range=14-17	kind=invoice
invoice_05_01-13_FP81533426_pages_18-22.pdf	pages=5	range=18-22	kind=invoice
invoice_06_01-16_FP81533515_pages_23-26.pdf	pages=4	range=23-26	kind=invoice
invoice_07_01-17_FP81533549_pages_27-30.pdf	pages=4	range=27-30	kind=invoice
invoice_08_01-17_FP81533545_pages_31-34.pdf	pages=4	range=31-34	kind=invoice
invoice_09_01-21_FP81533679_pages_35-39.pdf	pages=5	range=35-39	kind=invoice
invoice_remainder_pages_40-41.pdf	pages=2	range=40-41	kind=remainder
